{"cameraMode":{"drawMode":0,"name":"Shaded","section":"Shading Mode"},"sceneLighting":true,"audioPlay":false,"sceneViewState":{"showFog":true,"showMaterialUpdate":false,"showSkybox":true,"showFlares":true,"showImageEffects":true,"showParticleSystems":true},"in2DMode":false,"pivot":{"x":55.11592483520508,"y":26.780471801757814,"z":68.99874114990235},"rotation":{"x":-0.1447737067937851,"y":0.5855632424354553,"z":-0.10736781358718872,"w":-0.7904880046844482},"size":1.6914337873458863,"orthographic":false}